{
  "window_seconds": 200,
  "features": {
    "uv": {
      "mean": 0.6,
      "std": 0.12,
      "max": 1.2,
      "min": 0.41,
      "z_last": 2.3
    },
    "ir": {
      "mean": 0.5,
      "std": 0.09,
      "max": 1.1,
      "min": 0.33,
      "z_last": 1.7
    },
    "mag": {
      "mean": 45.3,
      "std": 2.1,
      "max": 54.2,
      "min": 43.7
    },
    "pressure": {
      "mean": 1013.1,
      "std": 0.32,
      "max": 1013.7,
      "min": 1012.5,
      "drift": -0.4
    },
    "coincidence_score": 5.7
  }
}